{"chunk_definitions":[{"chunk_id":"csetup_chunk","chunk_label":"setup","document_id":"7AF74772","expansion_state":0,"options":{"engine":"r","include":false,"label":"setup"},"row":7,"row_count":1,"visible":true},{"chunk_id":"cl9qoaqbijy4k","chunk_label":"tuition","document_id":"7AF74772","expansion_state":0,"options":{"engine":"r","label":"tuition"},"row":35,"row_count":1,"visible":true},{"chunk_id":"cnwjx4no57ct9","chunk_label":"Lower case","document_id":"7AF74772","expansion_state":0,"options":{"engine":"r","label":"Lower case"},"row":43,"row_count":1,"visible":true}],"default_chunk_options":{"echo":false},"doc_write_time":1572205027,"working_dir":null}